,,,,3755589
,,,,3090565
,,,,3755586
,,,,3755587
,,,,3755588
,,,,2867552
,,,,1917139
,,,,3644356
,,,,3644357
,,,,3644358
,,,,2149368
,,,,3135910
,,,,3135904
,,,,3135906
,,,,3135905
,,,,3135908
,,,,3135907
,,,,3135909
,,,,2296388
,,,,2767507
,,,,2714120
,,,,2767505
,,,,2767504
,,,,2767506
,,,,1793444
,,,,2009986
,,,,2433644
,,,,2433645
,,,,2433646
,,,,2433647
,,,,1221158
,,,,2433642
,,,,2433643
,,,,2416038
,,,,2711344
,,,,3117228
,,,,3117229
,,,,3117230
,,,,3117231
,,,,2535695
,,,,2984822
,,,,2984819
,,,,2984820
,,,,2984821
,,,,2063398
,,,,2875457
,,,,2771696
,,,,2771697
,,,,2771698
,,,,2875456
,,,,2466829
,,,,2171823
,,,,2466822
,,,,3034670
,,,,2456769
,,,,3034669
,,,,2982246
,,,,2595611
,,,,2418125
,,,,2595610
,,,,2595609
,,,,2503786
,,,,2285299
,,,,2503783
,,,,2503784
,,,,2503785
,,,,2946072
,,,,2975882
,,,,2209406
,,,,2975879
,,,,2975880
,,,,2975881
,,,,443034
,,,,1864667
,,,,2418826
,,,,2414491
,,,,2414492
,,,,2414494
,,,,2414493
,,,,1609983
,,,,2532744
,,,,2627288
,,,,2436251
,,,,2478729
,,,,2478730
,,,,2478731
,,,,2627287
,,,,716700
,,,,2013908
,,,,2559637
,,,,1658712
,,,,2559635
,,,,2559636
,,,,2512647
,,,,933589
,,,,2512644
,,,,2512645
,,,,2512646
,,,,2197982
,,,,2186903
,,,,2197979
,,,,2197980
,,,,2197981
,,,,2435722
,,,,1186108
,,,,2435717
,,,,2435718
,,,,2435719
,,,,2435720
,,,,2435721
,,,,1400792
,,,,1777425
,,,,2397358
,,,,2397359
,,,,2204535
,,,,1377705
,,,,2204532
,,,,2204533
,,,,2204534
,,,,1237015
,,,,2186287
,,,,2053187
,,,,1603460
,,,,1778182
,,,,1778183
,,,,659238
,,,,2054505
,,,,1393843
,,,,1630538
,,,,1630539
,,,,1630540
,,,,1951599
,,,,1482758
,,,,1782639
,,,,1115521
,,,,1938170
,,,,1734274
,,,,1938167
,,,,1938168
,,,,1938169
,,,,1357722
,,,,1065834
,,,,1440557
,,,,480467
,,,,1469960
,,,,1128678
,,,,1026063
,,,,1026047
,,,,1026048
,,,,1026049
,,,,1026050
,,,,1563107
,,,,1563105
,,,,1563106
,,,,1538662
,,,,1144551
,,,,1536202
,,,,1048210
,,,,777356
,,,,1086076
,,,,1366733
,,,,1454026
,,,,950875
,,,,1735169
,,,,1753419
,,,,1753420
,,,,1753421
,,,,1753422
,,,,1753423
,,,,954116
,,,,973452
,,,,967962
,,,,1371707
,,,,924286
,,,,1400786
,,,,777349
,,,,777348
,,,,714878
,,,,944129
,,,,1004136
,,,,1076362
,,,,1019388
,,,,970464
,,,,770548
,,,,1051627
,,,,1050648
,,,,2603455
,,,,3114832
,,,,3042160
,,,,3114831
,,,,3475520
,,,,1824765
,,,,3645839
,,,,3068709
,,,,2701201
,,,,2701197
,,,,2701199
,,,,2701198
,,,,2701200
,,,,2705948
,,,,3205077
,,,,3264851
,,,,3083481
,,,,2755853
,,,,2509739
,,,,2700256
,,,,2351412
,,,,2588388
,,,,2322833
,,,,2363309
,,,,1432566
https:,osu.ppy.sh,beatmapsets,2055332#mania,4294726
https:,osu.ppy.sh,beatmapsets,1755294#mania,3592063
https:,osu.ppy.sh,beatmapsets,2048064#mania,4276082
https:,osu.ppy.sh,beatmapsets,585451#mania,3875943
https:,osu.ppy.sh,beatmapsets,1569527#mania,3205077
https:,osu.ppy.sh,beatmapsets,1836713#mania,3771148
https:,osu.ppy.sh,beatmapsets,1497081#mania,3068709
https:,osu.ppy.sh,beatmapsets,1561114#mania,3188294
https:,osu.ppy.sh,beatmapsets,2044131#mania,4266340
https:,osu.ppy.sh,beatmapsets,1245864#mania,2592118
https:,osu.ppy.sh,beatmapsets,1963534#mania,4069609
https:,osu.ppy.sh,beatmapsets,1842682#mania,3784899
https:,osu.ppy.sh,beatmapsets,1738595#mania,3553471
https:,osu.ppy.sh,beatmapsets,836808#mania,1752295
https:,osu.ppy.sh,beatmapsets,1483232#mania,3042160
https:,osu.ppy.sh,beatmapsets,1483232#mania,3114831
https:,osu.ppy.sh,beatmapsets,1787200#mania,3661463
https:,osu.ppy.sh,beatmapsets,1708332#mania,3605484
https:,osu.ppy.sh,beatmapsets,2051843#mania,4284926
https:,osu.ppy.sh,beatmapsets,1656978#mania,3382064
https:,osu.ppy.sh,beatmapsets,2062263#mania,4312004
https:,osu.ppy.sh,beatmapsets,1846639#mania,3793375
https:,osu.ppy.sh,beatmapsets,1962531#mania,4067485